,Area,Perimeter,MajorAxisLength,MinorAxisLength,AspectRation,Eccentricity,ConvexArea,EquivDiameter,Extent,Solidity,roundness,Compactness,ShapeFactor1,ShapeFactor2,ShapeFactor3,ShapeFactor4
count,13611.0,13611.0,13611.0,13611.0,13611.0,13611.0,13611.0,13611.0,13611.0,13611.0,13611.0,13611.0,13611.0,13611.0,13611.0,13611.0
mean,53048.284549261625,855.283458599662,320.1418673032454,202.2707140825082,1.5832419790174213,0.7508949293727165,53768.20020571596,253.064219924914,0.7497327873591233,0.9871428435681517,0.8732818313104205,0.7998636818716444,0.006563608510069212,0.0017159473344485743,0.6435901812933447,0.9950633118262984
std,29324.095716881944,214.28969589196143,85.69418595953206,44.9700912945554,0.24667845568492627,0.09200176320337733,29774.91581700001,59.17712014913515,0.04908636684603899,0.004660379163490263,0.05951988794823966,0.06171346312041559,0.0011279982276084996,0.0005958748567323859,0.09899615048070137,0.0043664577487279995
min,20420.0,524.736,183.6011650038393,122.51265345074418,1.0248675960667681,0.21895126335356507,20684.0,161.24376423134018,0.55531471681117,0.9192461570857022,0.4896182562412148,0.6405767589768725,0.0027780126683855494,0.0005641690180332927,0.41033858414131424,0.9476874027098624
25%,36328.0,703.5234999999999,253.3036327107013,175.8481700385778,1.432306931834258,0.715927745946016,36714.5,215.06800343677347,0.7186335273474764,0.9856703983135917,0.8320963290133829,0.7624687469949659,0.005899917411582092,0.0011535202279788705,0.581358590523898,0.9937028954563084
50%,44652.0,794.9409999999999,296.88336688673496,192.43173331431822,1.5511236655616438,0.7644408063975098,45178.0,238.4380258086249,0.7598589479870702,0.9882829984991706,0.8831572891730107,0.8012766840140727,0.0066451744589910485,0.001693530977356598,0.642044324344588,0.9963859376796506
75%,61332.0,977.213,376.4950124297296,217.03174130329975,1.7071089270344548,0.8104659844897781,62294.0,279.4464667024921,0.7868514965939105,0.9900131099788995,0.9168688330108123,0.8342699107881788,0.007271420159446909,0.0021702683011547387,0.6960062840466322,0.9978825430406695
max,254616.0,1985.37,738.8601534818813,460.1984968278401,2.430306446836626,0.9114229684680053,263261.0,569.3743583287609,0.8661946405648266,0.9946774999456888,0.9906853996160323,0.9873029693778109,0.010451169324378654,0.0036649719644516834,0.9747671533422431,0.9997325300471389
