- 用处：函数使得数据库储存中的数据能衍生出人们想要的数据。
- 作用域：
  - select的对象
  - conditions
  - 键值对中的值：[例子: 在工号前补0](#lpad及rpad)
# 7.1常用字符串函数

常用的字符串函数:

## length
- `length(str)` : 返回字符串`str`的长度，一般用在varchar型变量中

## concat
-  `concat(s1, s2, ... sn)` : 字符串拼接
>例子
```mysql
-- 1. 使用concat来拼接多个字符串
mysql> select concat('aaa', 'bbb');
+----------------------+
| concat('aaa', 'bbb') |
+----------------------+
| aaabbb               |
+----------------------+
1 row in set (0.00 sec)
```

## lower及upper

- `lower(str)` :  `str`内字母全部转小写
- `upper(str)` :  `str`内字母全部转大写  
>例子
```mysql
-- 2. 使用lower和upper来改变字符串大小写
mysql> select lower('aBcDeFg'), upper('aBcDeFg');
+------------------+------------------+
| lower('aBcDeFg') | upper('aBcDeFg') |
+------------------+------------------+
| abcdefg          | ABCDEFG          |
+------------------+------------------+
1 row in set (0.00 sec)
```

## lpad及rpad

- `lpad(str, n, pad)` : 使用字符串`pad`在`str`左侧从左到右填充至字符串总长度为n 
- `rpad(str, n, pad)` : 使用字符串`pad`在`str`右侧填从左到右充至字符串总长度为n 
>例子
```mysql
-- 3. 使用lpad和rpad进行填充
-- 需要注意的无论是lapd还是rpad，填充顺序都是从左到右放pad，因此第一个函数的值是
-- abcabcab01 而非 bcabcabc01
mysql> select lpad('01', 10, 'abc'), rpad('01', 10, 'abc');
+-----------------------+-----------------------+
| lpad('01', 10, 'abc') | rpad('01', 10, 'abc') |
+-----------------------+-----------------------+
| abcabcab01            | 01abcabcab            |
+-----------------------+-----------------------+
1 row in set (0.01 sec)


-- 3. 使用lpad作为键值对中的值
mysql> update emp set workno = lpad(workno, 5, '0') ;
Query OK, 10 rows affected (0.03 sec)
Rows matched: 10  Changed: 10  Warnings: 0

mysql> select id, workno from emp;
+------+--------+
| id   | workno |
+------+--------+
|    1 | 00001  |
|    2 | 00002  |
|    3 | 00003  |
|    4 | 00004  |
|    5 | 00005  |
|    6 | 00006  |
|    7 | 00007  |
|    8 | 00008  |
|    9 | 00009  |
|   10 | 00010  |
+------+--------+
10 rows in set (0.00 sec)
```

## trim
- `trim(str)`  : 去掉字符串`str`头尾的空格    
>例子
```mysql
-- 4. 使用trim去除字符串头尾的空格
mysql> select trim('  mysql  hello   !  a ')\g
+--------------------------------+
| trim('  mysql  hello   !  a ') |
+--------------------------------+
| mysql  hello   !  a            |
+--------------------------------+
1 row in set (0.00 sec)
```


## substring
- `substring(str, start, len)` : 返回`str`从`start`开始`len`个字符，
- 字符串下标从1开始 ！                                              
- `start` 可以是(含)`-len(str) ~ len(str)`的任意**非0**整数，
  - 正数下标1代表字符串最左侧的首个字符
  - 负数下标1代表字符串最右侧的末尾字符
  - 当`start`不在以上范围中，函数不会返回任何值
- `len` 可以是任意正整数，但超出`str`的部分为空
- 字符串的取法是从`start`对应的字符串开始，从左向右一共`len`个字符

>例子.
```mysql
-- 5(1). 使用substring得到字符串的子串
-- 注意到, 字符串从下标1开始
mysql> select substring('123456789', 1, 5);
+------------------------------+
| substring('123456789', 1, 5) |
+------------------------------+
| 12345                        |
+------------------------------+
1 row in set (0.00 sec)

-- 5(2). 超出字符串尾巴的子串不报错, 超出部分无任何值
mysql> select substring('123456789', 5, 10);
+-------------------------------+
| substring('123456789', 5, 10) |
+-------------------------------+
| 56789                         |
+-------------------------------+
1 row in set (0.00 sec)

-- 5(3). 当使用负数时，则是从字符串后尾向前数(类似python)
mysql> select substring('123456789', -5, 3);
+-------------------------------+
| substring('123456789', -5, 3) |
+-------------------------------+
| 567                           |
+-------------------------------+
1 row in set (0.00 sec)

-- 5(4). 但是负数下标不能超过字符串原本长度
mysql> select substring('123456789', -15, 20);
+---------------------------------+
| substring('123456789', -15, 20) |
+---------------------------------+
|                                 |
+---------------------------------+
1 row in set (0.00 sec)
```



# 7.2常见数值函数

## 取整函数：ceil、floor和round

- `ceil(x)` 对`x`向上取整
- `floor(x)`对`x`向下取整
- `round(x, y)` 对`x`四舍五入保留`y`位小数

## mod
- `mod(x, y)` 返回`x`/`y`的余数

## rand
- `rand()` 返回0~1之间内的随机数



# 7.3常见日期函数

## 当前时刻：curdate、curtime和now

- `curdate()`返回当前日期
- `curtime()`返回当前时间
- `now()`返回当前时间和日期

>例子
```mysql
mysql> select curdate(), curtime(), now();
+------------+-----------+---------------------+
| curdate()  | curtime() | now()               |
+------------+-----------+---------------------+
| 2023-05-29 | 20:36:41  | 2023-05-29 20:36:41 |
+------------+-----------+---------------------+
1 row in set (0.00 sec)
```

## 日期函数：year、month、day、week

- `year(x)` 获取时间`x`中的年份
- `month(x)` 获取时间`x`中的月份
- `day(x)` 获取时间`x`中的日
- `week(x)` 获取时间`x`在一年中的周数
>例子
```mysql
mysql> select year(now()), month(now()), day(now()), week(now());
+-------------+--------------+------------+-------------+
| year(now()) | month(now()) | day(now()) | week(now()) |
+-------------+--------------+------------+-------------+
|        2023 |            5 |         29 |          22 |
+-------------+--------------+------------+-------------+
1 row in set (0.00 sec)
```

## 时分秒函数：hour、minute、second

- `hour(x)` 获取时间`x`中的小时数(24小时制)
- `minute(x)` 获取时间`x`中的分钟
- `second(x)` 获取时间`x`中的秒
> 例子
```mysql
mysql> select hour(now()), minute(now()), second(now());
+-------------+---------------+---------------+
| hour(now()) | minute(now()) | second(now()) |
+-------------+---------------+---------------+
|          20 |            44 |            38 |
+-------------+---------------+---------------+
1 row in set (0.00 sec)
```

## 日期加：date_add
- `date_add(date, INTERVAL num type)` 在`date`往后`num`个`type`
- `num` 可以为正数或负数
- `num` 具有小数位数时，则先执行 `round(num)` 将 `num` 四舍五入，再计算

我发现，该函数只能存在一个`INTERVAL num type`
>例子
```mysql
mysql> select date_add(now(), INTERVAL 20 day);
+----------------------------------+
| date_add(now(), INTERVAL 20 day) |
+----------------------------------+
| 2023-06-18 20:48:38              |
+----------------------------------+
1 row in set (0.00 sec)

mysql> select date_add(now(), INTERVAL -20 day);
+-----------------------------------+
| date_add(now(), INTERVAL -20 day) |
+-----------------------------------+
| 2023-05-09 20:51:38               |
+-----------------------------------+
1 row in set (0.00 sec)
```

## 时间差:date_diff
- `datediff(x, y)` 返回时间`x - y` 的天数
>例子
```mysql
mysql> select datediff( '2023-12-31', '2022-12-31');
+---------------------------------------+
| datediff( '2023-12-31', '2022-12-31') |
+---------------------------------------+
|                                   365 |
+---------------------------------------+
1 row in set (0.00 sec)
```


# 7.4流程控制函数

## if
- `if(expr1, true_expr, false_expr)`， 当 `expr1` 为真时返回`true_expr`，否则返回`false`

>例子
```mysql
-- 正数是true
mysql> select if(1, 'true', 'false');
+------------------------+
| if(1, 'true', 'false') |
+------------------------+
| true                   |
+------------------------+
1 row in set (0.00 sec)

-- 负数也是true
mysql> select if(-1, 'true', 'false');
+-------------------------+
| if(-1, 'true', 'false') |
+-------------------------+
| true                    |
+-------------------------+
1 row in set (0.00 sec)

-- 0是false
mysql> select if(0, 'true', 'false');
+------------------------+
| if(0, 'true', 'false') |
+------------------------+
| false                  |
+------------------------+
1 row in set (0.00 sec)

-- 空字符也是false
mysql> select if('', 'true', 'false');
+-------------------------+
| if('', 'true', 'false') |
+-------------------------+
| false                   |
+-------------------------+
1 row in set (0.00 sec)
```

## ifnull
- `ifnull(expr1, expr2)` 当`expr1`非null时返回`expr1`，否则返回`expr2`
- 与`if(expr1 isNull, expr1, expr2)` 含义相同
> 例子
```mysql
-- 为null, 返回1
mysql> select ifnull(null, 1);
+-----------------+
| ifnull(null, 1) |
+-----------------+
|               1 |
+-----------------+
1 row in set (0.00 sec)

-- 空字符不算null
mysql> select ifnull('', 1);
+---------------+
| ifnull('', 1) |
+---------------+
|               |
+---------------+
1 row in set (0.01 sec)

-- 0不算null
mysql> select ifnull(0, 1);
+--------------+
| ifnull(0, 1) |
+--------------+
|            0 |
+--------------+
1 row in set (0.00 sec)
```

## case
```mysql
case 
	when val1 then expr1
	when val2 then expr2
	...
	else expr_default
end;
```
- 当`val1`为真时返回`expr1`
- 只要当前when为真，则立刻跳出case
- 均不为真时返回`expr_default`

```mysql
case expr
	when val1 then expr1
	when val2 then expr2
	...
	else expr_default
end;
```
- 当`expr`为`val1`时返回`expr1`，...
