# 9.1多表关系

- 根据业务需求，可能会设计出互相关联的表结构
- 不同表的数据行可能存在这样的关系
  1. 一对一
  2. 一对多
  3. 多对多

==**一对多关系**==
- **例子**：员工表和部门表
  一个部门可能包含多个员工，但一个员工只能从属于一个部门
- **实现**：在多的表中建立外键，映射到一的主键中

==**多对多关系**==
- **例子**：学生表和课程表
  一个学生可能选择多门课程，一门课程可能包含多个学生
- **实现**：
  1. 建立一张**中间表**来维护两张表之间的关系
  2. 一个外键关联学生表主键
  3. 一个外键关联课程表主键

==**一对一**==
- **例子**：用户和用户详情的关系
  一个表中的内容是用户的基本信息，另一种表存放了用户的具体信息。构成一对一关系
- **实现**：
  1. 在任意一张表中设置**外键关联对方主键**
  2. 为保证一对一映射关系，该外键**还需要设置`UNIQUE`约束**

# 9.2多表查询

```mysql
select ...
from Table 1, Table 2
where expr;
```
- `select * from Table 1, Table 2, Table 3,... ;` 返回查询列表的笛卡尔积
- A, B的笛卡尔积表示A, B集合的所有组合情况
- 使用`where`来去掉不正确的记录
  **`Table.Field` 可以用来表示某一个表的某一个字段**

```mysql
mysql> select * from test1;
+------+
| id   |
+------+
|    1 |
|    2 |
|    3 |
+------+
3 rows in set (0.00 sec)

mysql> select * from test2;
+------+
| id   |
+------+
| a    |
| b    |
| c    |
+------+
3 rows in set (0.00 sec)

mysql> select test1.id as "test1.id", test2.id as "test2.id" from test1, test2 order by test1.id, test2.id;
+----------+----------+
| test1.id | test2.id |
+----------+----------+
|        1 | a        |
|        1 | b        |
|        1 | c        |
|        2 | a        |
|        2 | b        |
|        2 | c        |
|        3 | a        |
|        3 | b        |
|        3 | c        |
+----------+----------+
9 rows in set (0.01 sec)
```

# 9.3内连接

- **内连接返回两张表的交集部分**，即


## 9.3.1隐式内连接
- 隐式内连接的特点在于使用where 来消除非法笛卡尔积
```mysql
select ... from Table 1, Table 2, .. where ...;
```

```mysql
mysql> select student.name as "Student", course.name as "Course"
    -> from student, course, student_course
    -> where student_course.student_id = student.id
    -> and student_course.course_id = course.id;
+---------+--------+
| Student | Course |
+---------+--------+
| DSL     | Java   |
| DSL     | PHP    |
| XX      | PHP    |
| DSL     | MySQL  |
| XX      | MySQL  |
| YTZ     | Hadoop |
+---------+--------+
6 rows in set (0.00 sec)
```

## 9.3.2显式内连接

- 显示内连接特点在于，很突出地写出了两张表连接的条件。这个条件并非是通过where实现的，而是通过inner join 语句实现的
```mysql
select ... from Table 1 [Inner] join Table 2 on Condition;
```
- `[Inner]` 是可以省略的

```mysql
mysql> select student.name as "Student", course.name as "Course"
    -> from student_course
    -> join student on student_course.student_id = student.id
    -> join course on student_course.course_id = course.id;
+---------+--------+
| Student | Course |
+---------+--------+
| DSL     | Java   |
| DSL     | PHP    |
| XX      | PHP    |
| DSL     | MySQL  |
| XX      | MySQL  |
| YTZ     | Hadoop |
+---------+--------+
6 rows in set (0.00 sec)
```


# 9.4外连接

- 外连接中，对表进行左连接时，**表的所有数据无论连接成功与否都会返回至结果里**
## 9.4.1左外连接
```mysql
select ... from table 1 left [outer] join table 2 on Conditions
```
- 左连接保证左表的所有数据都能显示，就算Conditions 无法满足
```mysql
mysql> select * from student_course;
+----+------------+-----------+
| id | student_id | course_id |
+----+------------+-----------+
|  1 |          1 |         1 |
|  2 |          1 |         2 |
|  3 |          1 |         3 |
|  4 |          2 |         2 |
|  5 |          2 |         3 |
|  6 |          3 |         4 |
|  7 |          3 |      NULL |
+----+------------+-----------+
7 rows in set (0.00 sec)

mysql> select student_course.*, course.name
    -> from student_course left join
    -> course on student_course.course_id = course.id;
+----+------------+-----------+--------+
| id | student_id | course_id | name   |
+----+------------+-----------+--------+
|  1 |          1 |         1 | Java   |
|  2 |          1 |         2 | PHP    |
|  3 |          1 |         3 | MySQL  |
|  4 |          2 |         2 | PHP    |
|  5 |          2 |         3 | MySQL  |
|  6 |          3 |         4 | Hadoop |
|  7 |          3 |      NULL | NULL   |
+----+------------+-----------+--------+
7 rows in set (0.00 sec)
```

## 9.4.2右外连接
```mysql
select ... from table 1 left [outer] join table 2 on Conditions
```
- 右连接保证右表的所有数据都能显示，就算Conditions 无法满足
```mysql
mysql> select course.*, student_course.*
    -> from student_course
    -> right join
    -> course on student_course.course_id = course.id;
+----+--------+------+------------+-----------+
| id | name   | id   | student_id | course_id |
+----+--------+------+------------+-----------+
|  1 | Java   |    1 |          1 |         1 |
|  2 | PHP    |    2 |          1 |         2 |
|  2 | PHP    |    4 |          2 |         2 |
|  3 | MySQL  |    3 |          1 |         3 |
|  3 | MySQL  |    5 |          2 |         3 |
|  4 | Hadoop |    6 |          3 |         4 |
+----+--------+------+------------+-----------+
6 rows in set (0.00 sec)
```

# 9.5自连接
- 自连接的重点在于是**表连接自身**，而连接方式可以是内连接也可以是外连接
- 自连接必须要给表起别名
```mysql
-- 隐式内连接
select ... 
from table1 as A, table1 as B
where A.... B...;

-- 显式内连接
select ...
from table1 as A
join table1 as B
on A... B...;

-- 左/右连接(是一样的)
select ...
from table1 as A
left/right join table2 as B
on A.... B...;


```
应用场景：
1. 一张表的一个字段和另一个字段有关，如字段id和字段managerId
2. 比如员工表中有员工id，员工姓名、员工的管理员id，该i我们想知道员工管理员的姓名时

```mysql
mysql> select * from emp;
+----+------+-----------+
| id | name | managerID |
+----+------+-----------+
|  1 | A    |      NULL |
|  2 | B    |         1 |
|  3 | C    |         1 |
|  4 | D    |         2 |
|  5 | E    |         2 |
|  6 | F    |         3 |
|  7 | G    |         4 |
+----+------+-----------+
7 rows in set (0.00 sec)

mysql> select A.*, B.name as "Manager Name"
    -> from emp as A
    -> left join emp as B
    -> on A.managerID = B.id;
+----+------+-----------+--------------+
| id | name | managerID | Manager Name |
+----+------+-----------+--------------+
|  1 | A    |      NULL | NULL         |
|  2 | B    |         1 | A            |
|  3 | C    |         1 | A            |
|  4 | D    |         2 | B            |
|  5 | E    |         2 | B            |
|  6 | F    |         3 | C            |
|  7 | G    |         4 | D            |
+----+------+-----------+--------------+
7 rows in set (0.00 sec)
```

# 9.6联合查询
- 联合查询的作用是**把多次查询的结果合并成一个新的查询结果**

```mysql
select ... from ...
union [all]
select ... from ...
```
- `all` **关键字控制了是否去重**
	- `union all` 为简单地合并查询的结果
	- `union` 为对查询结果求并集，即重复数据行不会出现
- `select ...` 后的**被合并的查询结果字段应完全一致**，否则会报错

> 例子
```mysql
mysql> select * from student_course;
+----+------------+-----------+
| id | student_id | course_id |
+----+------------+-----------+
|  1 |          1 |         1 |
|  2 |          1 |         2 |
|  3 |          1 |         3 |
|  4 |          2 |         2 |
|  5 |          2 |         3 |
|  6 |          3 |         4 |
|  7 |          3 |      NULL |
+----+------------+-----------+
7 rows in set (0.04 sec)

-- using 'all'
mysql> select * from student_course where student_id = 1
    -> union all
    -> select * from student_course where course_id = 2;
+----+------------+-----------+
| id | student_id | course_id |
+----+------------+-----------+
|  1 |          1 |         1 |
|  2 |          1 |         2 |
|  3 |          1 |         3 |
|  2 |          1 |         2 |
|  4 |          2 |         2 |
+----+------------+-----------+
5 rows in set (0.00 sec)

-- not using 'all'
mysql> select * from student_course where student_id = 1
    -> union
    -> select * from student_course where course_id = 2;
+----+------------+-----------+
| id | student_id | course_id |
+----+------------+-----------+
|  1 |          1 |         1 |
|  2 |          1 |         2 |
|  3 |          1 |         3 |
|  4 |          2 |         2 |
+----+------------+-----------+
4 rows in set (0.00 sec)

-- 查询结果不一致，报错
mysql> select * from student_course where student_id = 1
    -> union
    -> select student_id from student_course where course_id = 2;
ERROR 1222 (21000): The used SELECT statements have a different number of columns
```

# 9.7子查询

- 当一个查询语句中嵌套了另一个查询语句，这种情况称为嵌套查询，或称为子查询
```mysql
select ...
from (select ... from ....) as tmp
where Field expr (select ... from ....);
```
- 子查询的位置不同，引申出不同的类别
  1. `where` 之后：子查询结果被用作条件
  2. `from` 之后：子查询结果被用作被查询表
  3. `select` 之后：值查询结果被用作查询对象
- 子查询的结果不同，引申出不同的类别
  1. 标量子查询：子查询结果为单个值
  2. 列子查询：子查询结果为一列(一个字段值)
  3. 行子查询：子查询结果为一行(一个数据行)
  4. 表子查询：子查询结果为一个二维表

## 9.7.1标量子查询
- **子查询返回的结果是单个值**(数字、字符串、日期等)
- 当在where后面时，我们可以**实现一个字段与一个值的比较操作**
- 常用符号`=, <, >, <=, >=`
```mysql
select ...
from ...
where 
expr (select Field1 from ... where ...);
```

>例子：
```mysql
mysql> select * from emp;
+----+------+-----------+
| id | name | managerID |
+----+------+-----------+
|  1 | A    |      NULL |
|  2 | B    |         1 |
|  3 | C    |         1 |
|  4 | D    |         2 |
|  5 | E    |         2 |
|  6 | F    |         3 |
|  7 | G    |         4 |
+----+------+-----------+
7 rows in set (0.14 sec)

mysql> select * from emp
    -> where id > (select id from emp where name = 'D');
+----+------+-----------+
| id | name | managerID |
+----+------+-----------+
|  5 | E    |         2 |
|  6 | F    |         3 |
|  7 | G    |         4 |
+----+------+-----------+
3 rows in set (0.01 sec)
```

## 9.7.2列子查询
- 子查询的**结果是一列数据**，如某个字段的值
- 当在where后面时，我们可以实现**一个字段对数个值的匹配**
- 常用操作符为`in, not in, any, some, all`

| 符号            | 描述                               |
| --------------- | ---------------------------------- |
| `A in B`        | `B`中存在一个`b` 满足`A = b`                   |
| `A not in B`    | `B`中任意`b` 满足`A != b`                      |
| `A Expr any B`  | `B`中**存在一个**`b`满足`A Expr b` |
| `A Expr some B` | `B`中**存在一个**`b`满足`A Expr b` |
| `A Expr all B`  | `B`中**所有**`b`满足`A Expr b`     |

> 例子
```mysql
-- 选择比市场部所有员工工资都高的员工
select *
from emp
where salary > all (select salary from emp where dept = "marketing");
```


## 9.7.3行子查询
- 子查询的**结果是一行包含若干字段的数据**
- 在where后面时，可以实现**若干字段对若干值的匹配**
- 常用符号`=, <, >, <=, >=`

```mysql
select ...
from ...
where (Field1, Field2, ...) = (select Field1, Field2, ... from ... where ...);
```
- 我们可以**把数个字段用括号包起来形成值序列**
- 两个值序列可以进行逻辑等比较

## 9.7.4表子查询
- 子查询的**结果是若干行包含若干字段的数据**
- 在where后面时，可以实现**若干字段序列对若干值序列的匹配**
- 常用符号`in`，来表示字段序列在子查询的结果值序列集合中
```mysql
select ...
from ...
where (Field1, Field2, ...) in (select Field1, Field2, ... from ... where ...);
```


# 9.8联系

一共三张表
```mysql
-- 薪资等级表
create table salgrade(  
	grade int comment 'salary level',  
	losal int comment 'lowest salary',
	hisal int comment 'highest salary'
) comment 'salary level';  
  
insert into salgrade values  
(1, 0, 3000),  
(2, 3001, 5000),  
(3, 5001, 8000),  
(4, 8001, 10000),  
(5, 10001, 15000),  
(6, 15001, 20000),  
(7, 20001, 25000),  
(8, 25001, 30000);  
  
-- 部门表
create table dept(  
	id int auto_increment primary key comment 'Department Id',  
	name varchar(50) not null comment 'Department Name'  
) comment 'Department Table';  
  
insert into dept (id, name) values  
(1, 'Dev'),  
(2, 'Marketing'),  
(3, 'Finance'),  
(4, 'Sales'),  
(5, 'Executive');  
  
-- 员工表
create table emp(  
	id int auto_increment primary key comment 'Employee Id',  
	name varchar(50) not null comment 'Employee Name',  
	age int comment 'Employee Age',  
	job varchar(20) comment 'Job Title',  
	salary int comment 'Employee Salary',  
	entrydate date comment 'Enrty Date',  
	managerid int comment 'Id of Direct Manager',  
	dept_id int comment 'Id of Department'  
) comment 'Employee Table';  
  
insert into emp (name, age, job, salary, entrydate, managerid, dept_id)  values ('JY', 66, 'CEO', 20000, '2000-01-01', null, 5),  
('ZWJ', 20, 'PM', 12500, '2005-12-05', 1, 1),  
('YX', 33, 'Dev', 8400, '2000-11-03', 2, 1),  
('WYX', 48, 'Dev', 1100, '2002-02-05', 2, 1),  
('CYC', 43, 'Dev', 10500, '2004-09-07', 3, 1),  
('XZ', 19, 'Enc', 6600, '2004-10-12', 2, 1);
```

> 查询员工姓名、年龄、职位、部门信息，使用隐式内连接
```mysql
mysql> select emp.name, emp.age, emp.job, dept.name as 'Department Name'
    -> from emp, dept
    -> where emp.dept_id = dept.id;
+------+------+------+-----------------+
| name | age  | job  | Department Name |
+------+------+------+-----------------+
| JY   |   66 | CEO  | Executive       |
| ZWJ  |   20 | PM   | Dev             |
| YX   |   33 | Dev  | Dev             |
| WYX  |   48 | Dev  | Dev             |
| CYC  |   43 | Dev  | Dev             |
| XZ   |   19 | Enc  | Dev             |
+------+------+------+-----------------+
6 rows in set (0.00 sec)
```

> 查询年龄小于30岁的员工的姓名、年龄、职位、部门信息，使用显式内连接
```mysql
mysql> select emp.name, emp.age, emp.job, dept.name as 'Department Name'
    -> from emp join dept on emp.dept_id = dept.id
    -> where emp.age < 30;
+------+------+------+-----------------+
| name | age  | job  | Department Name |
+------+------+------+-----------------+
| ZWJ  |   20 | PM   | Dev             |
| XZ   |   19 | Enc  | Dev             |
+------+------+------+-----------------+
2 rows in set (0.00 sec)
```

> 查询拥有员工的部门ID、部门名称
```mysql
-- 可以通过distinct关键字来去重
mysql> select distinct dept.id, dept.name
    -> from dept join emp on dept.id = emp.dept_id;
+----+-----------+
| id | name      |
+----+-----------+
|  5 | Executive |
|  1 | Dev       |
+----+-----------+
2 rows in set (0.05 sec)


-- 我们可以通过from emp group by dept_id 来得到哪些部门id有人

-- 可以通过内连接后再分组查询实现
mysql> select dept.id, dept.name
    -> from dept join emp on dept.id = emp.dept_id
    -> group by dept.id having count(*) >= 1;
+----+-----------+
| id | name      |
+----+-----------+
|  5 | Executive |
|  1 | Dev       |
+----+-----------+
2 rows in set (0.00 sec)

--  可以先分组查询再列子查询来实现
mysql> select dept.id, dept.name
    -> from dept
    -> where dept.id in (select dept_id from emp group by dept_id);
+----+-----------+
| id | name      |
+----+-----------+
|  1 | Dev       |
|  5 | Executive |
+----+-----------+
2 rows in set (0.00 sec)
```

> 查询所有员工的工资等级
```mysql
mysql> select emp.id, emp.name, emp.salary, salgrade.grade
    -> from emp left join salgrade on emp.salary between salgrade.losal and salgrade.hisal;
+----+------+--------+-------+
| id | name | salary | grade |
+----+------+--------+-------+
|  1 | JY   |  20000 |     6 |
|  2 | ZWJ  |  12500 |     5 |
|  3 | YX   |   8400 |     4 |
|  4 | WYX  |   1100 |     1 |
|  5 | CYC  |  10500 |     5 |
|  6 | XZ   |   6600 |     3 |
+----+------+--------+-------+
6 rows in set (0.00 sec) 
```

> 查询研发部员工的工资等级
```mysql
-- 用join连接emp及两张表dept 和salgrade

mysql> select emp.id, emp.name, emp.dept_id, emp.salary, salgrade.grade, dept.name
    -> from emp
    -> left join salgrade on emp.salary between salgrade.losal and salgrade.hisal
    -> join dept on emp.dept_id = dept.id
    -> where dept.name = 'Dev';
+----+------+---------+--------+-------+------+
| id | name | dept_id | salary | grade | name |
+----+------+---------+--------+-------+------+
|  2 | ZWJ  |       1 |  12500 |     5 | Dev  |
|  3 | YX   |       1 |   8400 |     4 | Dev  |
|  4 | WYX  |       1 |   1100 |     1 | Dev  |
|  5 | CYC  |       1 |  10500 |     5 | Dev  |
|  6 | XZ   |       1 |   6600 |     3 | Dev  |
+----+------+---------+--------+-------+------+
5 rows in set (0.00 sec)

-- join用于连接salgrade, 然后再用子查询来筛选部门为研发的员工
mysql> select emp.id, emp.name, emp.salary, salgrade.grade, emp.dept_id, "Dev"
    -> from emp
    -> left join salgrade on emp.salary between salgrade.losal and salgrade.hisal
    -> where emp.dept_id = (select id from dept where name = "dev");
+----+------+--------+-------+---------+-----+
| id | name | salary | grade | dept_id | Dev |
+----+------+--------+-------+---------+-----+
|  2 | ZWJ  |  12500 |     5 |       1 | Dev |
|  3 | YX   |   8400 |     4 |       1 | Dev |
|  4 | WYX  |   1100 |     1 |       1 | Dev |
|  5 | CYC  |  10500 |     5 |       1 | Dev |
|  6 | XZ   |   6600 |     3 |       1 | Dev |
+----+------+--------+-------+---------+-----+
5 rows in set (0.00 sec)
```

> 查询研发部的平均工资
```mysql
mysql> select avg(salary)
    -> from emp
    -> where emp.dept_id = (select id from dept where name = "Dev");
+-------------+
| avg(salary) |
+-------------+
|   7820.0000 |
+-------------+
1 row in set (0.00 sec)
```

> 查询工资高于XZ的所有员工信息
```mysql
mysql> select id, name, salary
    -> from emp
    -> where salary > (select salary from emp where name = 'XZ');
+----+------+--------+
| id | name | salary |
+----+------+--------+
|  1 | JY   |  20000 |
|  2 | ZWJ  |  12500 |
|  3 | YX   |   8400 |
|  5 | CYC  |  10500 |
+----+------+--------+
4 rows in set (0.00 sec)
```

> 查询工资高于平均工资的员工
```mysql
mysql> select avg(salary) from emp;
+-------------+
| avg(salary) |
+-------------+
|   9850.0000 |
+-------------+
1 row in set (0.00 sec)

mysql> select id, name, salary
    -> from emp
    -> where salary > (select avg(salary) from emp);
+----+------+--------+
| id | name | salary |
+----+------+--------+
|  1 | JY   |  20000 |
|  2 | ZWJ  |  12500 |
|  5 | CYC  |  10500 |
+----+------+--------+
3 rows in set (0.00 sec)

```

>查询低于本部门平均工资的员工
```mysql
mysql> select emp.*, salavg.deptavg as "Department Average Salary "
    -> from emp
    -> join (select dept_id, avg(salary) as "deptavg" from emp group by dept_id)
    -> as salavg
    -> on emp.dept_id = salavg.dept_id and emp.salary < salavg.deptavg;
+----+------+------+------+--------+------------+-----------+---------+----------------------------+
| id | name | age  | job  | salary | entrydate  | managerid | dept_id | Department Average Salary  |
+----+------+------+------+--------+------------+-----------+---------+----------------------------+
|  4 | WYX  |   48 | Dev  |   1100 | 2002-02-05 |         2 |       1 |                  7820.0000 |
|  6 | XZ   |   19 | Enc  |   6600 | 2004-10-12 |         2 |       1 |                  7820.0000 |
+----+------+------+------+--------+------------+-----------+---------+----------------------------+
2 rows in set (0.00 sec)


-- 结合子查询
mysql> select *
    -> from emp as e1
    -> where salary < (select avg(salary) from emp as e2 where e2.dept_id = e1.dept_id);
+----+------+------+------+--------+------------+-----------+---------+
| id | name | age  | job  | salary | entrydate  | managerid | dept_id |
+----+------+------+------+--------+------------+-----------+---------+
|  4 | WYX  |   48 | Dev  |   1100 | 2002-02-05 |         2 |       1 |
|  6 | XZ   |   19 | Enc  |   6600 | 2004-10-12 |         2 |       1 |
+----+------+------+------+--------+------------+-----------+---------+
2 rows in set (0.00 sec)

```

> 查询所有部门的信息，并统计部门员工数量
```mysql
-- 将dept和emp聚合查询的结果连接
mysql> select dept.*, ifnull(ct.counts, 0) as "Department member"
    -> from dept left join
    -> (select dept_id, count(*) as counts from emp group by dept_id) as ct
    -> on dept.id = ct.dept_id;
+----+-----------+-------------------+
| id | name      | Department member |
+----+-----------+-------------------+
|  1 | Dev       |                 5 |
|  2 | Marketing |                 0 |
|  3 | Finance   |                 0 |
|  4 | Sales     |                 0 |
|  5 | Executive |                 1 |
+----+-----------+-------------------+
5 rows in set (0.00 sec)

-- 使用在select 中的子查询
mysql> select *, (select count(*) from emp as e where dept_id = d.id) as "Department Members" from dept as d;
+------+-----------+--------------------+
| id   | name      | Department Members |
+------+-----------+--------------------+
|    1 | Dev       |                  5 |
|    2 | Marketing |                  0 |
|    3 | Finance   |                  0 |
|    4 | Sales     |                  0 |
|    5 | Executive |                  1 |
+------+-----------+--------------------+
5 rows in set (0.00 sec)
```